128166372003061629,rsrch,0,Read,7014609920,24576,41286
128166372016382155,rsrch,0,Write,1317441536,8192,1963
128166372026382245,rsrch,0,Write,2436440064,4096,1835
128166372036348580,rsrch,0,Write,3196526592,57344,35436
128166372036379390,rsrch,0,Write,3154132992,4096,4626
128166372036382264,rsrch,0,Write,3154124800,4096,1752
128166372053100669,rsrch,0,Write,7609925632,10240,2053
128166372053101032,rsrch,0,Write,15282630656,16384,1691
128166372053101054,rsrch,0,Write,7612473344,16384,1668
128166372053101076,rsrch,0,Write,15282630656,16384,1647
128166372053101086,rsrch,0,Write,7612456960,16384,1637
128166372053101168,rsrch,0,Write,7471816704,512,1554
128166372053101274,rsrch,0,Write,3299819520,4096,1448
128166372053101337,rsrch,0,Write,3154132992,4096,1386
128166372053101414,rsrch,0,Write,3154137088,4096,1309
128166372053101494,rsrch,0,Write,1278550016,4096,1229
128166372053101496,rsrch,0,Write,3221348352,4096,1227
128166372053101545,rsrch,0,Write,15282630656,4096,1177
128166372053101573,rsrch,0,Write,7471822848,4096,1149
128166372053101588,rsrch,0,Write,3154132992,4096,1134
128166372053101594,rsrch,0,Write,7471818752,4096,1129
128166372053101605,rsrch,0,Write,1278550016,4096,1118
128166372053101605,rsrch,0,Write,3227922432,4096,1118
128166372053101605,rsrch,0,Write,7471826944,2048,1117
128166372053101613,rsrch,0,Write,3221348352,4096,1110
128166372053101616,rsrch,0,Write,1278550016,4096,1106
128166372053101620,rsrch,0,Write,3154137088,4096,1102
128166372053101678,rsrch,0,Write,7471817216,1536,1044
128166372053101736,rsrch,0,Write,7471816704,512,987
128166372066382109,rsrch,0,Write,3154137088,4096,1817
128166372066382763,rsrch,0,Write,1278550016,4096,1163
128166372086382016,rsrch,0,Write,3221245952,4096,1845
128166372092163363,rsrch,0,Write,1696583680,4096,1737
128166372092163934,rsrch,0,Write,1696583680,4608,1167
128166372092163985,rsrch,0,Write,3154132992,4096,1116
128166372092163992,rsrch,0,Write,3154137088,4096,1109
128166372092164044,rsrch,0,Write,130662400,1536,1056
128166372092788439,rsrch,0,Write,4384391168,1536,1658
128166372092788964,rsrch,0,Write,3154132992,4096,1133
128166372092788977,rsrch,0,Write,3154137088,4096,1120
128166372092789028,rsrch,0,Write,2191953920,1536,1069
128166372092789055,rsrch,0,Write,4384391168,2048,1042
128166372092944701,rsrch,0,Write,130662400,1536,1644
128166372096381264,rsrch,0,Write,13226618880,4608,2560
128166372096381957,rsrch,0,Write,13313855488,4096,1867
128166372107788282,rsrch,0,Write,2191953920,1536,1718
128166372116381837,rsrch,0,Write,14068207616,8192,1897
128166372116382396,rsrch,0,Write,17827762176,8192,1338
128166372120443310,rsrch,0,Write,7818829824,4096,2923
128166372120443549,rsrch,0,Write,7818829824,4096,2685
128166372120443818,rsrch,0,Write,13200961536,16384,2416
128166372120443954,rsrch,0,Write,7818776576,4096,2279
128166372120444239,rsrch,0,Write,7818776576,4096,1994
128166372120444290,rsrch,0,Write,17827762176,8192,1944
128166372120444442,rsrch,0,Write,13200961536,16384,1792
128166372120444528,rsrch,0,Write,1705521152,16384,1705
128166372120444541,rsrch,0,Write,1705521152,16384,1692
128166372120444570,rsrch,0,Write,7852126208,4096,1663
128166372120444598,rsrch,0,Write,596987904,8192,1635
128166372120444654,rsrch,0,Write,3154137088,4096,1580
128166372120444809,rsrch,0,Write,2129981440,8192,1424
128166372120444854,rsrch,0,Write,7852126208,4096,1379
128166372120444881,rsrch,0,Write,2129981440,8192,1353
128166372120444882,rsrch,0,Write,596987904,8192,1352
128166372120444900,rsrch,0,Write,17827762176,8192,1334
128166372120444927,rsrch,0,Write,3154132992,4096,1306
128166372120444944,rsrch,0,Write,3154137088,4096,1289
128166372120444979,rsrch,0,Write,3196583936,4096,1254
128166372120445038,rsrch,0,Write,3154132992,4096,1196
128166372126381952,rsrch,0,Write,7774507008,1536,1743
128166372136380479,rsrch,0,Write,3196588032,53248,3190
128166372136381859,rsrch,0,Write,1317445632,4096,1811
128166372136382444,rsrch,0,Write,3154132992,4096,1226
128166372136382496,rsrch,0,Write,3154128896,4096,1174
128166372146381764,rsrch,0,Write,3229667328,4096,1868
128166372146382260,rsrch,0,Write,3225837568,8192,1372
128166372146382319,rsrch,0,Write,6216929280,8192,1313
128166372146382402,rsrch,0,Write,3221536768,4096,1229
128166372146382421,rsrch,0,Write,3243233280,4096,1210
128166372146382426,rsrch,0,Write,3252572160,4096,1206
128166372146382436,rsrch,0,Write,3228045312,4096,1196
128166372146382444,rsrch,0,Write,3276070912,4096,1187
128166372146382457,rsrch,0,Write,3221348352,4096,1174
128166372146382463,rsrch,0,Write,3276083200,4096,1168
128166372146382466,rsrch,0,Write,3302887424,4096,1166
128166372146382466,rsrch,0,Write,3154137088,4096,1166
128166372146382467,rsrch,0,Write,3299819520,4096,1165
128166372146382467,rsrch,0,Write,3276443648,4096,1164
128166372156381749,rsrch,0,Write,8328900608,4096,1857
128166372156382421,rsrch,0,Write,11049758720,4096,1185
128166372186379873,rsrch,0,Write,3196641280,49152,3605
128166372186382289,rsrch,0,Write,3154132992,4096,1189
128166372186382312,rsrch,0,Write,3154124800,4096,1165
128166372187318746,rsrch,0,Write,8587796480,16384,2231
128166372187319023,rsrch,0,Write,8597577728,16384,1955
128166372187319163,rsrch,0,Write,8587796480,16384,1814
128166372187319310,rsrch,0,Write,8588992512,16384,1668
128166372187319328,rsrch,0,Write,8598085632,16384,1650
128166372187319329,rsrch,0,Write,3154132992,4096,1649
128166372187319423,rsrch,0,Write,7478116352,512,1555
128166372187319653,rsrch,0,Write,3196690432,4096,1324
128166372187319669,rsrch,0,Write,3154137088,4096,1308
128166372187319695,rsrch,0,Write,7478116864,7680,1282
128166372187319764,rsrch,0,Write,3154132992,4096,1213
128166372187319856,rsrch,0,Write,7478124544,4096,1122
128166372187319860,rsrch,0,Write,8587796480,4096,1117
128166372187319873,rsrch,0,Write,3154137088,4096,1104
128166372187319889,rsrch,0,Write,7478128640,4096,1089
128166372187319889,rsrch,0,Write,7478132736,4096,1089
128166372187319896,rsrch,0,Write,7478136832,4096,1081
128166372187319914,rsrch,0,Write,7478116352,512,1064
128166372195443373,rsrch,0,Write,15645843456,4096,2573
128166372195443409,rsrch,0,Write,15645843456,4096,2536
128166372195443932,rsrch,0,Write,791154688,8192,2014
128166372195444018,rsrch,0,Write,15123931136,4096,1928
128166372195444043,rsrch,0,Write,15123931136,4096,1902
128166372195444229,rsrch,0,Write,142782464,8192,1717
128166372195444364,rsrch,0,Write,2059427840,8192,1581
128166372195444550,rsrch,0,Write,3154137088,4096,1396
128166372195444586,rsrch,0,Write,3154132992,4096,1359
128166372195444595,rsrch,0,Write,2059427840,8192,1351
128166372195444595,rsrch,0,Write,142782464,8192,1351
128166372195444596,rsrch,0,Write,791154688,8192,1350
128166372195444620,rsrch,0,Write,14759608320,4096,1325
128166372195444633,rsrch,0,Write,14759608320,4096,1313
128166372195444641,rsrch,0,Write,3154137088,4096,1305
128166372195444763,rsrch,0,Write,3154132992,4096,1182
128166372236381485,rsrch,0,Write,957792256,4096,1827
128166372236382124,rsrch,0,Write,971689984,4096,1187
128166372236382151,rsrch,0,Write,1188769792,4096,1160
128166372286379590,rsrch,0,Write,3196694528,49152,3530
128166372286382010,rsrch,0,Write,3154137088,4096,1110
128166372286382014,rsrch,0,Write,3154128896,4096,1106
128166372306381343,rsrch,0,Write,5271453696,4096,1712
128166372306381960,rsrch,0,Write,7475691520,4096,1095
128166372306381967,rsrch,0,Write,7465963520,4096,1089
128166372326381292,rsrch,0,Write,1278550016,4096,1699
128166372336379468,rsrch,0,Write,3196743680,49152,3459
128166372336381812,rsrch,0,Write,3154132992,4096,1115
128166372336381820,rsrch,0,Write,3154124800,4096,1108
128166372366381161,rsrch,0,Write,3299819520,4096,1677
128166372366381588,rsrch,0,Write,6216929280,8192,1250
128166372366381729,rsrch,0,Write,3228045312,4096,1109
128166372366381758,rsrch,0,Write,3302887424,4096,1079
128166372386379329,rsrch,0,Write,3196792832,49152,3445
128166372386381662,rsrch,0,Write,3154137088,4096,1111
128166372386381674,rsrch,0,Write,3154128896,4096,1100
128166372420754667,rsrch,0,Write,7818829824,4096,2976
128166372420754847,rsrch,0,Write,7818829824,4096,2796
128166372420755252,rsrch,0,Write,1705504768,16384,2392
128166372420755299,rsrch,0,Write,7818776576,4096,2345
128166372420755574,rsrch,0,Write,7818776576,4096,2070
128166372420755841,rsrch,0,Write,13200945152,16384,1803
128166372420755897,rsrch,0,Write,7852126208,4096,1746
128166372420755949,rsrch,0,Write,13200945152,16384,1694
128166372420755954,rsrch,0,Write,1705504768,16384,1690
128166372420756211,rsrch,0,Write,7852126208,4096,1432
128166372420756466,rsrch,0,Write,3154132992,4096,1178
128166372420756470,rsrch,0,Write,3154137088,4096,1174
128166372420756473,rsrch,0,Write,3154132992,4096,1170
128166372420756478,rsrch,0,Write,3154137088,4096,1165
128166372447630500,rsrch,0,Write,8762929152,6656,2036
128166372447630568,rsrch,0,Write,15810412544,1536,1968
128166372447631357,rsrch,0,Write,3196841984,4096,1179
128166372447631366,rsrch,0,Write,3154132992,4096,1170
128166372447631381,rsrch,0,Write,3154137088,4096,1154
128166372447631415,rsrch,0,Write,8762933248,3072,1120
128166372447631428,rsrch,0,Write,371318784,1536,1107
128166372450755550,rsrch,0,Write,1782112256,6144,1968
128166372454818123,rsrch,0,Write,3154132992,4096,1894
128166372454818284,rsrch,0,Write,2617413632,3584,1733
128166372454818398,rsrch,0,Write,3196846080,16384,1619
128166372454818618,rsrch,0,Write,3196866560,4096,1400
128166372454818717,rsrch,0,Write,2617413632,5632,1300
128166372454818729,rsrch,0,Write,4382728192,4096,1289
128166372454818732,rsrch,0,Write,3196862464,4096,1285
128166372454818842,rsrch,0,Write,3154132992,4096,1175
128166372454818843,rsrch,0,Write,3154137088,4096,1175
128166372454818856,rsrch,0,Write,3154137088,4096,1161
128166372454818860,rsrch,0,Write,131674112,1536,1158
128166372454974592,rsrch,0,Write,371318784,1536,1676
128166372458541674,rsrch,0,Read,3256299520,4096,28344
128166372460754978,rsrch,0,Write,15739637760,4096,2538
128166372460755588,rsrch,0,Write,13012344832,5120,1927
128166372463098140,rsrch,0,Read,3256307712,4096,3111
128166372464149057,rsrch,0,Read,3222528000,4096,45937
128166372466223978,rsrch,0,Write,3196870656,28672,2252
128166372466224649,rsrch,0,Write,131674112,1536,1581
128166372466225092,rsrch,0,Write,3154132992,4096,1139
128166372466647938,rsrch,0,Read,8950079488,3072,47039
128166372467100536,rsrch,0,Read,1815535616,16384,63189
128166372467125107,rsrch,0,Read,1815760896,8704,38618
128166372467156581,rsrch,0,Read,1815552000,65536,7143
128166372467299218,rsrch,0,Read,1815728128,32768,20755
128166372467311922,rsrch,0,Read,1815764992,4096,8051
128166372467315882,rsrch,0,Write,8724254720,512,4091
128166372467315980,rsrch,0,Write,3196899328,65536,3994
128166372467316213,rsrch,0,Write,3196964864,65536,3761
128166372467316247,rsrch,0,Write,8724267008,4096,3727
128166372467316403,rsrch,0,Write,13801054208,3584,3571
128166372467316434,rsrch,0,Write,3197030400,53248,3540
128166372467316435,rsrch,0,Write,8724471808,4096,3538
128166372467316674,rsrch,0,Write,1317445632,8192,3299
128166372467316707,rsrch,0,Read,1815707648,4096,3267
128166372467316766,rsrch,0,Write,7774507008,3584,3207
128166372467316800,rsrch,0,Write,8725422080,4096,3173
128166372467317075,rsrch,0,Read,1815752704,4096,2898
128166372467317151,rsrch,0,Write,8725905408,4096,2822
128166372467317466,rsrch,0,Write,15590514688,2560,2508
128166372467317704,rsrch,0,Read,1815756800,4096,2269
128166372467318147,rsrch,0,Write,1782116352,2048,1827
128166372467318788,rsrch,0,Write,14221078528,1024,1186
128166372467380599,rsrch,0,Read,1815539712,32768,95624
128166372467667983,rsrch,0,Read,1815760896,4096,120738
128166372467701193,rsrch,0,Read,1815695360,32768,87527
128166372467763860,rsrch,0,Read,1815572480,32768,24860
128166372467904778,rsrch,0,Read,1815658496,32768,40191
128166372468191256,rsrch,0,Read,1815625728,32768,66212
128166372468512904,rsrch,0,Read,16919437312,16384,57062
128166372468562349,rsrch,0,Read,16919453696,49664,7617
128166372468717482,rsrch,0,Read,1815605248,20480,8732
128166372470753203,rsrch,0,Write,3197083648,65536,4251
128166372470754133,rsrch,0,Write,3197149184,53248,3320
128166372470756196,rsrch,0,Write,3197202432,4096,1258
128166372470756252,rsrch,0,Write,3154124800,4096,1201
128166372471466988,rsrch,0,Read,16081241600,4096,71715
128166372471488600,rsrch,0,Read,16081483264,20480,50104
128166372471514280,rsrch,0,Read,16081663488,4096,24423
128166372471516230,rsrch,0,Read,16081507840,16384,22474
128166372471535012,rsrch,0,Read,16081249792,4096,3691
128166372471658071,rsrch,0,Read,16082584576,1024,36883
128166372472315955,rsrch,0,Write,3197206528,65536,3998
128166372472316439,rsrch,0,Write,3197272064,65536,3515
128166372472316505,rsrch,0,Write,3197337600,65536,3449
128166372472318020,rsrch,0,Write,3197403136,24576,1933
128166372472318823,rsrch,0,Write,3154137088,4096,1130
128166372473503710,rsrch,0,Read,6800953344,8704,66243
128166372473540821,rsrch,0,Read,6800719872,16384,29132
128166372473563102,rsrch,0,Read,6800736256,65536,6852
128166372473566749,rsrch,0,Read,6800920576,4096,3205
128166372473567061,rsrch,0,Read,6800945152,4096,2892
128166372473664890,rsrch,0,Read,6800920576,32768,61314
128166372473720332,rsrch,0,Write,6229856256,3072,5871
128166372473721155,rsrch,0,Write,6228987904,4096,5048
128166372473721843,rsrch,0,Write,4905697280,4096,4361
128166372473722465,rsrch,0,Write,4451401728,4096,3739
128166372473723117,rsrch,0,Read,6800957440,4096,3087
128166372473723198,rsrch,0,Write,4382859264,4096,3005
128166372473723824,rsrch,0,Write,4382851072,4096,2380
128166372473724086,rsrch,0,Write,15590514688,3072,2118
128166372473724432,rsrch,0,Write,4382851072,4096,1771
128166372473724438,rsrch,0,Write,8724254720,1024,1766
128166372473781603,rsrch,0,Read,6800723968,32768,100850
128166372474034580,rsrch,0,Read,6800953344,4096,4124
128166372474109209,rsrch,0,Read,6800756736,32768,85744
128166372474190007,rsrch,0,Read,6800834560,32768,4946
128166372474346116,rsrch,0,Read,6800883712,32768,5088
128166372474346298,rsrch,0,Read,6800801792,32768,4906
128166372474347577,rsrch,0,Read,6800867328,16384,3626
128166372474616459,rsrch,0,Read,7036190720,16384,47245
128166372474652588,rsrch,0,Read,7036207104,65536,11115
128166372474765905,rsrch,0,Read,7036522496,8192,54049
128166372474816464,rsrch,0,Read,7036272640,8192,3489
128166372474928587,rsrch,0,Read,7036280832,16384,47617
128166372474944274,rsrch,0,Read,7036321792,65536,31929
128166372474968615,rsrch,0,Read,7036313600,8192,7588
128166372474968868,rsrch,0,Read,7036387328,65536,7335
128166372474973140,rsrch,0,Read,7036297216,8192,3064
128166372474973172,rsrch,0,Read,7036305408,8192,3031
128166372475125634,rsrch,0,Read,7036452864,65536,6819
128166372475130118,rsrch,0,Read,7036518400,4096,2335
128166372475255551,rsrch,0,Read,6800789504,12288,33153
128166372475285846,rsrch,0,Read,6800916480,4096,2857
128166372483724120,rsrch,0,Write,15590514688,3584,2062
128166372483724256,rsrch,0,Write,17674240,2560,1926
128166372483725013,rsrch,0,Write,17674240,2560,1169
128166372487090319,rsrch,0,Read,5059264512,32768,73341
128166372487114995,rsrch,0,Read,5060493312,32768,48666
128166372493719327,rsrch,0,Write,238960640,4096,6791
128166372493719732,rsrch,0,Write,830296064,4096,6386
128166372493719763,rsrch,0,Write,458256384,4096,6355
128166372493719998,rsrch,0,Write,224620544,4096,6121
128166372493720400,rsrch,0,Write,820047872,4096,5718
128166372493720435,rsrch,0,Write,418369536,4096,5684
128166372493720654,rsrch,0,Write,200331264,4096,5464
128166372493721083,rsrch,0,Write,657121280,4096,5036
128166372493721118,rsrch,0,Write,416247808,4096,5000
128166372493721326,rsrch,0,Write,198041600,4096,4793
128166372493721768,rsrch,0,Write,655163392,4096,4351
128166372493721794,rsrch,0,Write,387624960,4096,4324
128166372493721998,rsrch,0,Write,131674112,4096,4121
128166372493722444,rsrch,0,Write,588488704,4096,3674
128166372493722464,rsrch,0,Write,366628864,4096,3654
128166372493722645,rsrch,0,Write,124387328,4096,3473
128166372493723122,rsrch,0,Write,496078848,4096,2996
128166372493723130,rsrch,0,Write,316841984,4096,2989
128166372493723304,rsrch,0,Write,61812736,4096,2815
128166372493723800,rsrch,0,Write,291766272,4096,2319
128166372493723808,rsrch,0,Write,17674240,4096,2310
128166372493723812,rsrch,0,Write,495009792,4096,2307
128166372493724395,rsrch,0,Write,290537472,4096,1723
128166372493724491,rsrch,0,Write,484114432,4096,1628
128166372493725003,rsrch,0,Write,871555072,3072,1115
128166372495906554,rsrch,0,Write,3198607360,65536,7050
128166372495907554,rsrch,0,Write,3198672896,65536,6050
128166372495908397,rsrch,0,Write,3197952000,65536,5207
128166372495909408,rsrch,0,Write,3197427712,65536,4196
128166372495909487,rsrch,0,Write,3197886464,65536,4117
128166372495909813,rsrch,0,Write,3198476288,65536,3792
128166372495909855,rsrch,0,Write,3198541824,65536,3750
128166372495909993,rsrch,0,Write,3197689856,65536,3611
128166372495910032,rsrch,0,Write,3197820928,65536,3573
128166372495910045,rsrch,0,Write,3198869504,65536,3559
128166372495910056,rsrch,0,Write,3198214144,65536,3548
128166372495910062,rsrch,0,Write,3198738432,65536,3543
128166372495910064,rsrch,0,Write,3198279680,65536,3540
128166372495910069,rsrch,0,Write,3197624320,65536,3536
128166372495910071,rsrch,0,Write,3197558784,65536,3534
128166372495910075,rsrch,0,Write,3197755392,65536,3530
128166372495910079,rsrch,0,Write,3197493248,65536,3525
128166372495910082,rsrch,0,Write,3198803968,65536,3523
128166372495910085,rsrch,0,Write,3198410752,65536,3519
128166372495910088,rsrch,0,Write,3198345216,65536,3517
128166372495910095,rsrch,0,Write,3198017536,65536,3510
128166372495910098,rsrch,0,Write,3198083072,65536,3507
128166372495910116,rsrch,0,Write,3198148608,65536,3489
128166372495912373,rsrch,0,Write,3198935040,4096,1231
128166372495912386,rsrch,0,Write,3154132992,4096,1218
128166372497880801,rsrch,0,Read,13114875904,512,64041
128166372497935848,rsrch,0,Write,1663225856,1536,8993
128166372497936430,rsrch,0,Write,1576644608,4096,8412
128166372497937280,rsrch,0,Write,1471352832,4096,7562
128166372497937829,rsrch,0,Write,1439383552,4096,7012
128166372497938491,rsrch,0,Write,1415827456,4096,6350
128166372497939138,rsrch,0,Write,1226686464,4096,5703
128166372497939778,rsrch,0,Write,967213056,4096,5063
128166372497940412,rsrch,0,Write,952684544,4096,4430
128166372497940876,rsrch,0,Write,871555072,4096,3966
128166372497941505,rsrch,0,Write,8724254720,1536,3336
128166372497942200,rsrch,0,Write,15590514688,4096,2641
128166372497943412,rsrch,0,Write,1250234368,4096,1430
128166372498364053,rsrch,0,Read,7038923776,12288,49535
128166372498533786,rsrch,0,Read,2158489600,16384,36051
128166372498562724,rsrch,0,Read,2158505984,65536,7114
128166372498652313,rsrch,0,Read,2158718976,8704,73773
128166372498720247,rsrch,0,Write,1586245632,61440,5839
128166372498720254,rsrch,0,Write,2617356288,61440,5832
128166372498723035,rsrch,0,Read,2158723072,4096,3051
128166372498723041,rsrch,0,Read,2158690304,4096,3046
128166372498723262,rsrch,0,Read,2158714880,4096,2825
128166372498723639,rsrch,0,Write,6229856256,4096,2448
128166372498724112,rsrch,0,Write,15590514688,5120,1974
128166372498724210,rsrch,0,Write,2617417728,4096,1876
128166372498797767,rsrch,0,Read,2158686208,32768,84569
128166372498927823,rsrch,0,Read,2158493696,32768,110762
128166372499033823,rsrch,0,Read,2158526464,32768,4762
128166372499035529,rsrch,0,Read,2158718976,4096,3055
128166372499189932,rsrch,0,Read,2158604288,32768,4901
128166372499346030,rsrch,0,Read,2158653440,32768,5053
128166372499346213,rsrch,0,Read,2158571520,32768,4870
128166372499347491,rsrch,0,Read,2158637056,16384,3592
128166372499608864,rsrch,0,Read,306520064,16384,54717
128166372499656706,rsrch,0,Read,306536448,65536,6875
128166372499767649,rsrch,0,Read,306638848,5632,52180
128166372499816512,rsrch,0,Read,306610176,16384,3317
128166372499816977,rsrch,0,Read,306601984,8192,2852
128166372499972523,rsrch,0,Read,2158559232,12288,3555
128166372499973167,rsrch,0,Read,306626560,12288,2912
128166372507628036,rsrch,0,Write,3198939136,65536,4289
128166372507628412,rsrch,0,Write,3199397888,65536,3914
128166372507628711,rsrch,0,Write,3199201280,65536,3614
128166372507628718,rsrch,0,Write,3199070208,65536,3607
128166372507628770,rsrch,0,Write,3199135744,65536,3555
128166372507628792,rsrch,0,Write,3199004672,65536,3533
128166372507628797,rsrch,0,Write,3199332352,65536,3528
128166372507628803,rsrch,0,Write,3199266816,65536,3523
128166372507629645,rsrch,0,Write,3199463424,40960,2681
128166372507631099,rsrch,0,Write,3154137088,4096,1227
128166372508718871,rsrch,0,Write,6979018752,4096,7204
128166372508719537,rsrch,0,Write,6944677888,4096,6538
128166372508720213,rsrch,0,Write,6941290496,4096,5863
128166372508720901,rsrch,0,Write,6266712064,4096,5175
128166372508721573,rsrch,0,Write,6230740992,4096,4502
128166372508722233,rsrch,0,Write,2838929408,4096,3842
128166372508722597,rsrch,0,Write,15590518784,1536,3478
128166372508722750,rsrch,0,Write,8724254720,1536,3326
128166372508722909,rsrch,0,Write,1976492032,4096,3166
128166372508723479,rsrch,0,Write,7006212096,3584,2596
128166372508723530,rsrch,0,Write,1683603456,4096,2546
128166372508723993,rsrch,0,Write,1586307072,512,2083
128166372508724135,rsrch,0,Write,6998786048,4096,1941
128166372508724760,rsrch,0,Write,6981337088,4096,1315
128166372508724972,rsrch,0,Write,1683603456,4096,1104
128166372510103676,rsrch,0,Read,1956425728,16384,28649
128166372510122245,rsrch,0,Read,1956442112,58368,10080
128166372517626982,rsrch,0,Write,3200028672,65536,5297
128166372517627739,rsrch,0,Write,3199963136,65536,4540
128166372517628052,rsrch,0,Write,3199504384,65536,4227
128166372517628724,rsrch,0,Write,3199766528,65536,3556
128166372517628735,rsrch,0,Write,3200290816,65536,3545
128166372517628747,rsrch,0,Write,3199635456,65536,3533
128166372517628767,rsrch,0,Write,3200094208,65536,3512
128166372517628767,rsrch,0,Write,3199897600,65536,3513
128166372517628769,rsrch,0,Write,3200159744,65536,3511
128166372517628773,rsrch,0,Write,3199700992,65536,3506
128166372517628777,rsrch,0,Write,3199569920,65536,3502
128166372517628783,rsrch,0,Write,3199832064,65536,3497
128166372517628788,rsrch,0,Write,3200225280,65536,3492
128166372517784905,rsrch,0,Write,3200552960,65536,3623
128166372517784986,rsrch,0,Write,3200684032,65536,3543
128166372517785004,rsrch,0,Write,3200618496,65536,3524
128166372517785005,rsrch,0,Write,3200356352,65536,3524
128166372517785019,rsrch,0,Write,3200421888,65536,3510
128166372517785027,rsrch,0,Write,3200487424,65536,3502
128166372517787294,rsrch,0,Write,3200749568,4096,1234
128166372517787307,rsrch,0,Write,3154132992,4096,1221
128166372518716419,rsrch,0,Write,7164018688,4096,9604
128166372518717083,rsrch,0,Write,7163342848,4096,8940
128166372518717754,rsrch,0,Write,7123255296,4096,8268
128166372518718446,rsrch,0,Write,7123243008,4096,7576
128166372518719131,rsrch,0,Write,7123120128,4096,6891
128166372518719578,rsrch,0,Write,7211565056,4096,6445
128166372518719676,rsrch,0,Write,7570984960,4096,6346
128166372518719812,rsrch,0,Write,7117914112,4096,6211
128166372518720105,rsrch,0,Write,1650688000,40448,5918
128166372518720258,rsrch,0,Write,7207059456,4096,5764
128166372518720345,rsrch,0,Write,7570968576,4096,5677
128166372518720479,rsrch,0,Write,7117905920,4096,5544
128166372518720931,rsrch,0,Write,7204081664,4096,5091
128166372518721017,rsrch,0,Write,7499804672,4096,5006
128166372518721080,rsrch,0,Write,7117897728,4096,4943
128166372518721614,rsrch,0,Write,7201177600,4096,4409
128166372518721715,rsrch,0,Write,7459958784,4096,4307
128166372518722316,rsrch,0,Write,7201165312,4096,3707
128166372518722405,rsrch,0,Write,7459184640,4096,3618
128166372518722408,rsrch,0,Write,8724254720,2048,3615
128166372518722443,rsrch,0,Write,15590518784,3072,3580
128166372518722755,rsrch,0,Write,7571234816,512,3267
128166372518723012,rsrch,0,Write,7201144832,4096,3011
128166372518723096,rsrch,0,Write,7445524480,4096,2927
128166372518723310,rsrch,0,Write,7571222528,4096,2712
128166372518723686,rsrch,0,Write,1586307072,4096,2337
128166372518723715,rsrch,0,Write,7165046784,4096,2308
128166372518723736,rsrch,0,Write,7445516288,4096,2287
128166372518724001,rsrch,0,Write,7571202048,4096,2022
128166372518724364,rsrch,0,Write,7165026304,4096,1658
128166372518724394,rsrch,0,Write,7246299136,4096,1629
128166372518724686,rsrch,0,Write,7571189760,4096,1337
128166372518724922,rsrch,0,Write,7117897728,4096,1100
128166372519915518,rsrch,0,Read,8942546944,4096,60497
128166372520282723,rsrch,0,Write,16857980928,61440,5790
128166372520284671,rsrch,0,Write,17268695040,36352,3842
128166372520285858,rsrch,0,Write,15590518784,4096,2654
128166372520286626,rsrch,0,Write,1650724864,4096,1887
128166372520286722,rsrch,0,Write,16858042368,12288,1791
128166372520755545,rsrch,0,Write,6216929280,4096,1716
128166372521846609,rsrch,0,Write,8695087104,512,4402
128166372521846789,rsrch,0,Write,8724254720,4096,4222
128166372521847165,rsrch,0,Write,3200753664,65536,3847
128166372521847645,rsrch,0,Write,3228082176,4096,3366
128166372521847658,rsrch,0,Write,17827762176,8192,3354
128166372521848024,rsrch,0,Write,7616421888,1024,2988
128166372521848366,rsrch,0,Write,15590518784,6144,2646
128166372521849613,rsrch,0,Write,3228151808,4096,1399
128166372521849743,rsrch,0,Write,3229741056,4096,1269
128166372521849759,rsrch,0,Write,3229790208,4096,1252
128166372521849773,rsrch,0,Write,3230003200,4096,1238
128166372521849775,rsrch,0,Write,3230269440,4096,1237
128166372521849777,rsrch,0,Write,3230203904,4096,1235
128166372521849805,rsrch,0,Write,3229863936,4096,1207
128166372521849835,rsrch,0,Write,3229929472,4096,1176
128166372524814641,rsrch,0,Write,13329637376,40960,5120
128166372524814825,rsrch,0,Write,13329637376,40960,4936
128166372524815106,rsrch,0,Write,15641939968,49152,4655
128166372524815219,rsrch,0,Write,3200819200,65536,4542
128166372524815299,rsrch,0,Write,15641939968,49152,4463
128166372524815595,rsrch,0,Write,15641989120,65536,4166
128166372524815625,rsrch,0,Write,3200884736,36864,4137
128166372524815730,rsrch,0,Write,15641989120,65536,4032
128166372524816252,rsrch,0,Write,16148942848,24576,3509
128166372524816436,rsrch,0,Write,16148942848,24576,3325
128166372524817040,rsrch,0,Write,13003689984,8192,2721
128166372524817138,rsrch,0,Write,13003689984,8192,2624
128166372524817219,rsrch,0,Write,15645843456,4096,2542
128166372524817271,rsrch,0,Write,15645843456,4096,2490
128166372524817728,rsrch,0,Write,3154137088,4096,2034
128166372524817781,rsrch,0,Write,14068207616,8192,1980
128166372524817822,rsrch,0,Write,1705521152,16384,1939
128166372524817838,rsrch,0,Write,15642054656,16384,1924
128166372524817844,rsrch,0,Write,15123931136,4096,1917
128166372524817864,rsrch,0,Write,13200961536,16384,1897
128166372524817893,rsrch,0,Write,15123931136,4096,1868
128166372524817896,rsrch,0,Write,13200961536,16384,1866
128166372524817930,rsrch,0,Write,1705521152,16384,1832
128166372524817949,rsrch,0,Write,15642054656,16384,1813
128166372524817967,rsrch,0,Write,13329678336,16384,1795
128166372524818033,rsrch,0,Write,3154132992,4096,1729
128166372524818068,rsrch,0,Write,13329678336,16384,1693
128166372524818134,rsrch,0,Write,596987904,8192,1628
128166372524818376,rsrch,0,Write,2129981440,8192,1385
128166372524818378,rsrch,0,Write,14068207616,8192,1383
128166372524818405,rsrch,0,Write,2129981440,8192,1357
128166372524818408,rsrch,0,Write,596987904,8192,1354
128166372524818463,rsrch,0,Write,14759608320,4096,1299
128166372524818469,rsrch,0,Write,14759608320,4096,1292
128166372524818578,rsrch,0,Write,3154132992,4096,1183
128166372524818590,rsrch,0,Write,3154137088,4096,1172
128166372525911100,rsrch,0,Write,3200921600,20480,2412
128166372525912281,rsrch,0,Write,3154132992,4096,1230
128166372525912285,rsrch,0,Write,3200942080,4096,1226
128166372525912329,rsrch,0,Write,3154137088,4096,1183
128166372525912348,rsrch,0,Write,3154137088,4096,1163
128166372525912358,rsrch,0,Write,3154132992,4096,1153
128166372525912397,rsrch,0,Write,7615713280,3072,1115
128166372525912397,rsrch,0,Write,7615713280,1024,1114
128166372525912474,rsrch,0,Write,4382728192,1536,1037
128166372531842324,rsrch,0,Write,3230425088,4096,8678
128166372531842466,rsrch,0,Write,8695087104,4096,8536
128166372531842738,rsrch,0,Write,7774507008,5632,8265
128166372531843248,rsrch,0,Write,8687243264,4096,7754
128166372531844078,rsrch,0,Write,8633434112,512,6924
128166372531844630,rsrch,0,Write,8644415488,4096,6373
128166372531845059,rsrch,0,Write,7616421888,1536,5943
128166372531845233,rsrch,0,Write,13012348928,2560,5769
128166372531845327,rsrch,0,Write,5016526848,65536,5675
128166372531848631,rsrch,0,Write,15590522880,4096,2371
128166372531849663,rsrch,0,Write,3230453760,8192,1340
128166372531849763,rsrch,0,Write,3230433280,4096,1239
128166372531849832,rsrch,0,Write,3231391744,4096,1170
128166372531849835,rsrch,0,Write,3230502912,4096,1168
128166372531849837,rsrch,0,Write,3238289408,4096,1166
128166372531849839,rsrch,0,Write,3231375360,4096,1163
128166372531849840,rsrch,0,Write,3239383040,4096,1163
128166372537161798,rsrch,0,Write,4382728192,1536,1670
128166372541845097,rsrch,0,Write,3239645184,8192,5851
128166372541845994,rsrch,0,Write,5016592384,65536,4953
128166372541849035,rsrch,0,Write,3256291328,24576,1913
128166372541849458,rsrch,0,Write,3243016192,12288,1489
128166372541849796,rsrch,0,Write,3255504896,4096,1152
128166372541849842,rsrch,0,Write,3255611392,4096,1106
128166372570752942,rsrch,0,Write,3200946176,65536,4128
128166372570755921,rsrch,0,Write,3154128896,4096,1148
128166372570755956,rsrch,0,Write,3154137088,4096,1113
128166372585910968,rsrch,0,Write,621047808,16384,2316
128166372585910988,rsrch,0,Write,8696414208,16384,2296
128166372585911146,rsrch,0,Write,3137495040,16384,2138
128166372585911161,rsrch,0,Write,8598986752,16384,2123
128166372585911177,rsrch,0,Write,8587796480,16384,2107
128166372585911559,rsrch,0,Write,621211648,16384,1726
128166372585911560,rsrch,0,Write,409673728,16384,1725
128166372585911562,rsrch,0,Write,8596414464,16384,1723
128166372585911568,rsrch,0,Write,16867307520,16384,1716
128166372585911597,rsrch,0,Write,16867291136,16384,1687
128166372585911615,rsrch,0,Write,621047808,16384,1669
128166372585911630,rsrch,0,Write,7478718464,512,1654
128166372585911636,rsrch,0,Write,7466500096,1024,1649
128166372585911637,rsrch,0,Write,8587796480,16384,1647
128166372585911658,rsrch,0,Write,7499489280,1024,1627
128166372585911692,rsrch,0,Write,7478116352,512,1592
128166372585911713,rsrch,0,Write,7478132736,4096,1571
128166372585911757,rsrch,0,Write,7478116864,7680,1528
128166372585911769,rsrch,0,Write,3154137088,4096,1516
128166372585911812,rsrch,0,Write,3154137088,4096,1472
128166372585911842,rsrch,0,Write,7478116352,512,1443
128166372585911883,rsrch,0,Write,7478136832,8192,1402
128166372585911930,rsrch,0,Write,7478124544,4096,1355
128166372585912004,rsrch,0,Write,7478153216,4096,1280
128166372585912021,rsrch,0,Write,3154132992,4096,1264
128166372585912102,rsrch,0,Write,3154132992,4096,1182
128166372585912119,rsrch,0,Write,7478149120,4096,1165
128166372585912153,rsrch,0,Write,3201011712,4096,1132
128166372585912165,rsrch,0,Write,621047808,4096,1119
128166372585912168,rsrch,0,Write,8587796480,4096,1117
128166372585912169,rsrch,0,Write,3154132992,4096,1115
128166372585912176,rsrch,0,Write,7478719488,3072,1108
128166372585912183,rsrch,0,Write,3154137088,4096,1101
128166372585912187,rsrch,0,Write,3154132992,4096,1098
128166372585912187,rsrch,0,Write,3154137088,4096,1097
128166372585912198,rsrch,0,Write,7466501120,3072,1086
128166372585912201,rsrch,0,Write,7478128640,4096,1084
128166372585912203,rsrch,0,Write,7499490304,4096,1081
128166372585912207,rsrch,0,Write,7478145024,4096,1078
128166372585912256,rsrch,0,Write,7478718464,512,1029
128166372585912274,rsrch,0,Write,7478718976,512,1010
128166372599816937,rsrch,0,Write,7818829824,4096,2569
128166372599816982,rsrch,0,Write,7818829824,4096,2523
128166372599817420,rsrch,0,Write,4162043904,8192,2086
128166372599817439,rsrch,0,Write,14067503104,8192,2066
128166372599817450,rsrch,0,Write,4162355200,8192,2055
128166372599817577,rsrch,0,Write,7818776576,4096,1928
128166372599817599,rsrch,0,Write,11108208640,8192,1907
128166372599817611,rsrch,0,Write,7818776576,4096,1894
128166372599817645,rsrch,0,Write,11395411968,8192,1860
128166372599817744,rsrch,0,Write,1725128704,8192,1762
128166372599817844,rsrch,0,Write,4162117632,8192,1661
128166372599817845,rsrch,0,Write,597069824,8192,1660
128166372599817861,rsrch,0,Write,15736954880,8192,1644
128166372599817894,rsrch,0,Write,1725128704,8192,1611
128166372599817896,rsrch,0,Write,15646310400,8192,1610
128166372599817914,rsrch,0,Write,2022232064,8192,1591
128166372599817936,rsrch,0,Write,1434054656,8192,1570
128166372599817945,rsrch,0,Write,9785589760,8192,1560
128166372599817958,rsrch,0,Write,3201015808,4096,1547
128166372599817990,rsrch,0,Write,10939367424,8192,1515
128166372599818017,rsrch,0,Write,597069824,8192,1488
128166372599818047,rsrch,0,Write,11395411968,8192,1458
128166372599818064,rsrch,0,Write,17827442688,8192,1442
128166372599818065,rsrch,0,Write,1444982784,8192,1440
128166372599818073,rsrch,0,Write,8647225344,8192,1433
128166372599818085,rsrch,0,Write,6691495936,8192,1421
128166372599818089,rsrch,0,Write,10939367424,8192,1417
128166372599818089,rsrch,0,Write,11108208640,8192,1416
128166372599818094,rsrch,0,Write,11108192256,8192,1411
128166372599818095,rsrch,0,Write,2455232512,8192,1410
128166372599818101,rsrch,0,Write,17827770368,8192,1405
128166372599818106,rsrch,0,Write,1566965760,8192,1400
128166372599818107,rsrch,0,Write,11359895552,8192,1399
128166372599818117,rsrch,0,Write,11108192256,8192,1389
128166372599818129,rsrch,0,Write,14067503104,8192,1377
128166372599818134,rsrch,0,Write,1444982784,8192,1371
128166372599818140,rsrch,0,Write,17827770368,8192,1365
128166372599818146,rsrch,0,Write,8647225344,8192,1360
128166372599818146,rsrch,0,Write,4162043904,8192,1360
128166372599818148,rsrch,0,Write,15646310400,8192,1358
128166372599818149,rsrch,0,Write,17827442688,8192,1357
128166372599818157,rsrch,0,Write,3057287168,8192,1349
128166372599818158,rsrch,0,Write,1434054656,8192,1347
128166372599818158,rsrch,0,Write,6691495936,8192,1347
128166372599818161,rsrch,0,Write,3057287168,8192,1344
128166372599818165,rsrch,0,Write,1566965760,8192,1341
128166372599818168,rsrch,0,Write,2022232064,8192,1338
128166372599818170,rsrch,0,Write,4162355200,8192,1336
128166372599818172,rsrch,0,Write,11359895552,8192,1333
128166372599818172,rsrch,0,Write,4162117632,8192,1333
128166372599818178,rsrch,0,Write,2455232512,8192,1328
128166372599818184,rsrch,0,Write,15736954880,8192,1322
128166372599818186,rsrch,0,Write,3154132992,4096,1319
128166372599818189,rsrch,0,Write,9785589760,8192,1316
128166372599818192,rsrch,0,Write,7852126208,4096,1314
128166372599818202,rsrch,0,Write,7852126208,4096,1303
128166372599818322,rsrch,0,Write,3154132992,4096,1183
128166372599818332,rsrch,0,Write,3154137088,4096,1173
128166372599818340,rsrch,0,Write,3154137088,4096,1166
128166372620755188,rsrch,0,Write,3228045312,4096,1752
128166372621848734,rsrch,0,Write,6218854400,4096,1949
128166372621848748,rsrch,0,Write,3257090048,4096,1934
128166372621848779,rsrch,0,Write,3288494080,4096,1904
128166372621848830,rsrch,0,Write,3222630400,4096,1852
128166372621848868,rsrch,0,Write,3225792512,4096,1814
128166372621848882,rsrch,0,Write,3223592960,4096,1801
128166372621848909,rsrch,0,Write,3282485248,4096,1774
128166372621849047,rsrch,0,Write,6216929280,8192,1635
128166372621849070,rsrch,0,Write,3223003136,4096,1612
128166372621849100,rsrch,0,Write,3226234880,4096,1582
128166372621849133,rsrch,0,Write,3227955200,4096,1550
128166372621849209,rsrch,0,Write,3289616384,4096,1473
128166372621849231,rsrch,0,Write,3222859776,4096,1451
128166372621849239,rsrch,0,Write,3221532672,4096,1444
128166372621849254,rsrch,0,Write,3222122496,4096,1429
128166372621849258,rsrch,0,Write,3225817088,4096,1424
128166372621849260,rsrch,0,Write,3221725184,4096,1423
128166372621849261,rsrch,0,Write,3221880832,4096,1421
128166372621849296,rsrch,0,Write,3226132480,4096,1387
128166372621849297,rsrch,0,Write,3221921792,4096,1385
128166372621849303,rsrch,0,Write,3222597632,4096,1380
128166372621849318,rsrch,0,Write,3225051136,4096,1365
128166372621849334,rsrch,0,Write,3226222592,4096,1348
128166372621849340,rsrch,0,Write,3267080192,4096,1342
128166372621849348,rsrch,0,Write,3289432064,4096,1335
128166372621849375,rsrch,0,Write,3223330816,4096,1307
128166372621849380,rsrch,0,Write,3276443648,8192,1302
128166372621849386,rsrch,0,Write,3222745088,4096,1297
128166372621849393,rsrch,0,Write,3290578944,4096,1289
128166372621849412,rsrch,0,Write,3268493312,4096,1270
128166372621849419,rsrch,0,Write,6215831552,4096,1263
128166372621849426,rsrch,0,Write,3227967488,4096,1257
128166372621849437,rsrch,0,Write,3269013504,4096,1245
128166372621849442,rsrch,0,Write,3269095424,4096,1241
128166372621849443,rsrch,0,Write,3290468352,4096,1240
128166372621849456,rsrch,0,Write,3226267648,4096,1227
128166372621849461,rsrch,0,Write,3267555328,4096,1222
128166372621849464,rsrch,0,Write,3302887424,4096,1218
128166372621849465,rsrch,0,Write,3294277632,4096,1218
128166372621849467,rsrch,0,Write,3270946816,4096,1215
128166372621849469,rsrch,0,Write,3294326784,4096,1214
128166372621849470,rsrch,0,Write,3268505600,4096,1212
128166372621849470,rsrch,0,Write,3257507840,4096,1212
128166372621849478,rsrch,0,Write,3282399232,4096,1204
128166372621849478,rsrch,0,Write,3276775424,4096,1205
128166372621849490,rsrch,0,Write,3154132992,4096,1193
128166372621849500,rsrch,0,Write,3299819520,4096,1183
128166372621849506,rsrch,0,Write,3276070912,4096,1177
128166372621849508,rsrch,0,Write,3268046848,4096,1175
128166372621849520,rsrch,0,Write,3256291328,4096,1163
128166372621849528,rsrch,0,Write,3276079104,4096,1154
128166372631845990,rsrch,0,Write,1195540480,4096,4638
128166372631846537,rsrch,0,Write,14798176256,4096,4090
128166372631847025,rsrch,0,Write,7948808192,4096,3602
128166372631847576,rsrch,0,Write,7472517120,4096,3052
128166372631848005,rsrch,0,Write,7471173632,4096,2623
128166372631848356,rsrch,0,Write,1192517632,4096,2271
128166372631848549,rsrch,0,Write,5271453696,4096,2078
128166372631848564,rsrch,0,Write,2646843392,4096,2064
128166372631848582,rsrch,0,Write,2615746560,4096,2045
128166372631848595,rsrch,0,Write,1159376896,4096,2032
128166372631848601,rsrch,0,Write,7475691520,4096,2027
128166372631848656,rsrch,0,Write,7465959424,4096,1972
128166372631848688,rsrch,0,Write,1154547712,4096,1939
128166372631848693,rsrch,0,Write,2186629120,4096,1934
128166372631848697,rsrch,0,Write,886317056,4096,1931
128166372631848702,rsrch,0,Write,881512448,4096,1926
128166372631848704,rsrch,0,Write,492503040,4096,1924
128166372631848705,rsrch,0,Write,1104699392,4096,1922
128166372631848715,rsrch,0,Write,1047244800,4096,1913
128166372631848716,rsrch,0,Write,846544896,4096,1911
128166372631848734,rsrch,0,Write,832069632,4096,1894
128166372631848754,rsrch,0,Write,1188769792,4096,1873
128166372631849210,rsrch,0,Write,7475683328,4096,1417
128166372631849246,rsrch,0,Write,1199476736,4096,1382
128166372631849324,rsrch,0,Write,954175488,4096,1304
128166372631849328,rsrch,0,Write,1081118720,4096,1299
128166372631849330,rsrch,0,Write,1288867840,4096,1297
128166372631849332,rsrch,0,Write,1084084224,4096,1295
128166372631849334,rsrch,0,Write,879161344,4096,1294
128166372631849335,rsrch,0,Write,518647808,4096,1293
128166372631849348,rsrch,0,Write,1099317248,4096,1279
128166372631849350,rsrch,0,Write,822636544,4096,1278
128166372631849383,rsrch,0,Write,446296064,4096,1245
128166372631849385,rsrch,0,Write,646402048,4096,1243
128166372631849387,rsrch,0,Write,1074290688,4096,1241
128166372631849402,rsrch,0,Write,1067880448,4096,1226
128166372631849405,rsrch,0,Write,674283520,4096,1222
128166372631849431,rsrch,0,Write,17098567680,4096,1197
128166372641845254,rsrch,0,Write,5016657920,65536,5364
128166372641846024,rsrch,0,Write,13081767936,36864,4595
128166372641846549,rsrch,0,Write,13081804800,65536,4069
128166372641848075,rsrch,0,Write,5016723456,28672,2543
128166372641848172,rsrch,0,Write,13081870336,30720,2447
128166372641848668,rsrch,0,Write,1278550016,4096,1950
128166372641849440,rsrch,0,Write,5016522752,4096,1178
128166372651845804,rsrch,0,Write,9099698176,8192,4750
128166372651846265,rsrch,0,Write,9992806400,4096,4289
128166372651846624,rsrch,0,Write,9099567104,61440,3930
128166372651846738,rsrch,0,Write,6689951744,4096,3817
128166372651847536,rsrch,0,Write,3134930944,4096,3018
128166372651848208,rsrch,0,Write,428830720,4096,2346
128166372651848690,rsrch,0,Write,9099644928,16384,1865
128166372651848911,rsrch,0,Write,9099964416,12288,1644
128166372651849013,rsrch,0,Write,9099776000,12288,1541
128166372651849094,rsrch,0,Write,3221237760,4096,1460
128166372651849136,rsrch,0,Write,9099829248,8192,1418
128166372651849138,rsrch,0,Write,9099714560,8192,1416
128166372651849184,rsrch,0,Write,9099792384,8192,1371
128166372651849324,rsrch,0,Write,9099907072,4096,1231
128166372651849324,rsrch,0,Write,9099997184,4096,1230
128166372651849327,rsrch,0,Write,9099804672,4096,1227
128166372651849327,rsrch,0,Write,9099886592,4096,1228
128166372651849334,rsrch,0,Write,9100005376,4096,1220
128166372651849335,rsrch,0,Write,9100091392,4096,1220
128166372651849338,rsrch,0,Write,9100079104,4096,1216
128166372651849345,rsrch,0,Write,9100025856,4096,1210
128166372651849346,rsrch,0,Write,9100046336,4096,1208
128166372651849349,rsrch,0,Write,9099755520,4096,1205
128166372651849373,rsrch,0,Write,9099632640,4096,1181
128166372661847788,rsrch,0,Write,1815773184,4096,2711
128166372661848428,rsrch,0,Write,1439911936,4096,2071
128166372670752871,rsrch,0,Write,3201019904,57344,3876
128166372670755601,rsrch,0,Write,3154137088,4096,1146
128166372670755639,rsrch,0,Write,3154124800,4096,1108
128166372671848118,rsrch,0,Write,13502529536,4096,2372
128166372671848445,rsrch,0,Write,1582026752,4096,2046
128166372674815136,rsrch,0,Write,15645843456,4096,4086
128166372674815791,rsrch,0,Write,15123931136,4096,3430
128166372674816244,rsrch,0,Write,15645843456,4096,2977
128166372674816893,rsrch,0,Write,15123931136,4096,2328
128166372674816910,rsrch,0,Write,14759608320,4096,2312
128166372674817225,rsrch,0,Write,2022240256,8192,1996
128166372674817266,rsrch,0,Write,14068207616,8192,1955
128166372674817295,rsrch,0,Write,7295303680,8192,1926
128166372674817388,rsrch,0,Write,11395534848,16384,1833
128166372674817420,rsrch,0,Write,2022240256,8192,1802
128166372674817481,rsrch,0,Write,8979197952,8192,1741
128166372674817518,rsrch,0,Write,11395534848,16384,1703
128166372674817541,rsrch,0,Write,8979197952,8192,1680
128166372674817570,rsrch,0,Write,3201077248,4096,1652
128166372674817685,rsrch,0,Write,14759608320,4096,1536
128166372674817771,rsrch,0,Write,8762142720,8192,1451
128166372674817782,rsrch,0,Write,11395559424,8192,1440
128166372674817788,rsrch,0,Write,3154132992,4096,1434
128166372674817792,rsrch,0,Write,7615655936,8192,1429
128166372674817794,rsrch,0,Write,11395518464,8192,1427
128166372674817811,rsrch,0,Write,7295303680,8192,1410
128166372674817815,rsrch,0,Write,7615483904,8192,1406
128166372674817820,rsrch,0,Write,2500763648,8192,1402
128166372674817825,rsrch,0,Write,8762142720,8192,1397
128166372674817861,rsrch,0,Write,14068207616,8192,1361
128166372674817861,rsrch,0,Write,7615655936,8192,1360
128166372674817864,rsrch,0,Write,11395559424,8192,1357
128166372674817884,rsrch,0,Write,11395518464,8192,1337
128166372674817889,rsrch,0,Write,2500763648,8192,1333
128166372674817893,rsrch,0,Write,3154137088,4096,1329
128166372674817897,rsrch,0,Write,7615483904,8192,1324
128166372674818012,rsrch,0,Write,3154132992,4096,1210
128166372674818046,rsrch,0,Write,3154137088,4096,1175
128166372681847649,rsrch,0,Write,10610769920,4096,2787
128166372681848365,rsrch,0,Write,2855809024,4096,2071
128166372691848713,rsrch,0,Write,815464448,2560,1714
128166372701848530,rsrch,0,Write,1317449728,4096,1832
128166372711847333,rsrch,0,Write,7459274752,4096,2974
128166372711847630,rsrch,0,Write,5238079488,4096,2677
128166372711847999,rsrch,0,Write,2695544832,4096,2308
128166372720753017,rsrch,0,Write,3201081344,49152,3539
128166372720755404,rsrch,0,Write,3154132992,4096,1152
128166372720755429,rsrch,0,Write,3154128896,4096,1126
128166372741847730,rsrch,0,Write,1256841216,4096,2504
128166372741848074,rsrch,0,Write,342814720,4096,2160
128166372741848315,rsrch,0,Write,377233408,4096,1920
128166372741848953,rsrch,0,Write,274022400,4096,1281
128166372749815719,rsrch,0,Write,7818829824,4096,3215
128166372749816332,rsrch,0,Write,7818829824,4096,2601
128166372749816372,rsrch,0,Write,7818776576,4096,2561
128166372749816955,rsrch,0,Write,3057287168,8192,1978
128166372749816967,rsrch,0,Write,7818776576,4096,1967
128166372749816988,rsrch,0,Write,7852126208,4096,1946
128166372749817549,rsrch,0,Write,3057287168,8192,1384
128166372749817564,rsrch,0,Write,3201130496,8192,1369
128166372749817568,rsrch,0,Write,7852126208,4096,1365
128166372749817703,rsrch,0,Write,3154132992,4096,1230
128166372749817705,rsrch,0,Write,3154137088,4096,1228
128166372749817721,rsrch,0,Write,3154137088,4096,1213
128166372751847862,rsrch,0,Write,1412071424,4096,2317
128166372751848220,rsrch,0,Write,15287607296,4096,1959
128166372761848273,rsrch,0,Write,1285558272,4096,1898
128166372761849047,rsrch,0,Write,1250234368,4096,1124
128166372770752953,rsrch,0,Write,3201138688,49152,3410
128166372770755237,rsrch,0,Write,3154132992,4096,1126
128166372770755262,rsrch,0,Write,3154124800,4096,1101
128166372781847879,rsrch,0,Write,1317449728,8192,2173
128166372794191487,rsrch,0,Write,8598298624,16384,2291
128166372794191557,rsrch,0,Write,8588992512,16384,2221
128166372794191698,rsrch,0,Write,8598085632,16384,2079
128166372794191909,rsrch,0,Write,8598315008,16384,1868
128166372794191997,rsrch,0,Write,8587796480,16384,1780
128166372794192015,rsrch,0,Write,8597577728,16384,1763
128166372794192046,rsrch,0,Write,8598102016,16384,1732
128166372794192073,rsrch,0,Write,8588976128,16384,1704
128166372794192087,rsrch,0,Write,8587796480,16384,1691
128166372794192160,rsrch,0,Write,7478116352,512,1618
128166372794192166,rsrch,0,Write,3154132992,4096,1612
128166372794192377,rsrch,0,Write,3154137088,4096,1400
128166372794192497,rsrch,0,Write,8587796480,4096,1280
128166372794192504,rsrch,0,Write,7478116864,7680,1274
128166372794192543,rsrch,0,Write,7478149120,4096,1234
128166372794192563,rsrch,0,Write,3154132992,4096,1214
128166372794192576,rsrch,0,Write,3201187840,4096,1202
128166372794192579,rsrch,0,Write,7478153216,4096,1199
128166372794192594,rsrch,0,Write,7478145024,4096,1183
128166372794192600,rsrch,0,Write,7478116352,512,1178
128166372794192664,rsrch,0,Write,3154137088,4096,1114
128166372794192666,rsrch,0,Write,7478124544,4096,1112
128166372794192689,rsrch,0,Write,7478132736,4096,1088
128166372794192692,rsrch,0,Write,7478157312,4096,1086
128166372794192693,rsrch,0,Write,7478128640,4096,1085
128166372794192694,rsrch,0,Write,7478136832,4096,1084
128166372794192701,rsrch,0,Write,7478140928,4096,1076
128166372820754377,rsrch,0,Write,6216929280,4096,1794
128166372870752474,rsrch,0,Write,3201191936,49152,3505
128166372870754850,rsrch,0,Write,3154137088,4096,1129
128166372870754880,rsrch,0,Write,3154128896,4096,1099
128166372891847686,rsrch,0,Write,3268702208,4096,1972
128166372891848460,rsrch,0,Write,3228045312,4096,1199
128166372891848476,rsrch,0,Write,3276382208,4096,1183
128166372891848512,rsrch,0,Write,3276435456,4096,1147
128166372891848536,rsrch,0,Write,3292598272,4096,1123
128166372891848549,rsrch,0,Write,3299819520,4096,1109
128166372891848553,rsrch,0,Write,3302887424,4096,1106
128166372891848553,rsrch,0,Write,3227922432,4096,1105
128166372891848556,rsrch,0,Write,6216933376,4096,1103
128166372901847726,rsrch,0,Write,7470653440,4096,1878
128166372920752051,rsrch,0,Write,3201241088,53248,3736
128166372920754598,rsrch,0,Write,3154132992,4096,1189
128166372920754685,rsrch,0,Write,3154124800,4096,1102
128166372941847761,rsrch,0,Write,3760427008,3072,1706
128166372951847560,rsrch,0,Write,11049758720,4096,1851
128166372961847546,rsrch,0,Write,1278550016,4096,1856
128166372970751977,rsrch,0,Write,3201294336,53248,3618
128166372970754298,rsrch,0,Write,3154137088,4096,1297
128166372970754437,rsrch,0,Write,3154128896,4096,1158
128166372971847545,rsrch,0,Write,676470784,4096,1793
128166373020751744,rsrch,0,Write,3201347584,49152,3659
128166373020754196,rsrch,0,Write,3154132992,4096,1207
128166373020754231,rsrch,0,Write,3154124800,4096,1172
128166373020909019,rsrch,0,Write,15645843456,4096,2633
128166373020909121,rsrch,0,Write,15645843456,4096,2531
128166373020909483,rsrch,0,Write,1705496576,16384,2170
128166373020909664,rsrch,0,Write,15123931136,4096,1989
128166373020909719,rsrch,0,Write,3154132992,4096,1934
128166373020909749,rsrch,0,Write,15123931136,4096,1904
128166373020909861,rsrch,0,Write,13200945152,16384,1791
128166373020909944,rsrch,0,Write,13200945152,16384,1708
128166373020909952,rsrch,0,Write,1705496576,16384,1700
128166373020910220,rsrch,0,Write,3154137088,4096,1433
128166373020910274,rsrch,0,Write,14759608320,4096,1378
128166373020910339,rsrch,0,Write,14759608320,4096,1314
128166373020910464,rsrch,0,Write,3154132992,4096,1188
128166373020910475,rsrch,0,Write,3154137088,4096,1177
128166373051847209,rsrch,0,Write,1731092480,4096,1819
128166373070751745,rsrch,0,Write,3201396736,49152,3466
128166373070753900,rsrch,0,Write,3154137088,4096,1312
128166373070754050,rsrch,0,Write,3154128896,4096,1161
128166373101847017,rsrch,0,Write,3243180032,4096,1818
128166373101847524,rsrch,0,Write,6216929280,8192,1312
128166373101847552,rsrch,0,Write,3267555328,4096,1284
128166373101847616,rsrch,0,Write,3276410880,4096,1220
128166373101847662,rsrch,0,Write,3276435456,4096,1173
128166373101847664,rsrch,0,Write,3292561408,4096,1171
128166373101847666,rsrch,0,Write,3276386304,4096,1169
128166373101847667,rsrch,0,Write,3221377024,4096,1169
128166373101847673,rsrch,0,Write,3228045312,4096,1163
128166373111846198,rsrch,0,Write,221343744,4096,2629
128166373111846658,rsrch,0,Write,1100881920,4096,2168
128166373120751389,rsrch,0,Write,3201445888,49152,3631
128166373120753799,rsrch,0,Write,3154132992,4096,1221
128166373120753823,rsrch,0,Write,3154124800,4096,1196
128166373141846238,rsrch,0,Write,1412071424,4096,2460
128166373141846670,rsrch,0,Write,13081899008,2560,2029
128166373170751339,rsrch,0,Write,3201495040,49152,3488
128166373170753708,rsrch,0,Write,3154137088,4096,1120
128166373170753731,rsrch,0,Write,3154128896,4096,1097
128166373235907486,rsrch,0,Write,3201544192,49152,3366
128166373235908873,rsrch,0,Write,7478116352,512,1980
128166373235908970,rsrch,0,Write,8598986752,16384,1882
128166373235909092,rsrch,0,Write,8587796480,16384,1761
128166373235909164,rsrch,0,Write,8587796480,16384,1688
128166373235909199,rsrch,0,Write,8696414208,16384,1653
128166373235909364,rsrch,0,Write,7478124544,4096,1488
128166373235909383,rsrch,0,Write,3154132992,4096,1470
128166373235909418,rsrch,0,Write,7478116864,7680,1434
128166373235909497,rsrch,0,Write,3154132992,4096,1356
128166373235909544,rsrch,0,Write,7478132736,8192,1308
128166373235909563,rsrch,0,Write,3154124800,4096,1290
128166373235909595,rsrch,0,Write,3201593344,4096,1258
128166373235909611,rsrch,0,Write,7478116352,512,1242
128166373235909706,rsrch,0,Write,7478128640,4096,1147
128166373235909718,rsrch,0,Write,8587796480,4096,1134
128166373235909722,rsrch,0,Write,3154137088,4096,1131
128166373235909724,rsrch,0,Write,3154137088,4096,1128
128166373285908940,rsrch,0,Write,3154132992,4096,1721
128166373285909536,rsrch,0,Write,3302887424,4096,1124
128166373320907533,rsrch,0,Write,7818829824,4096,2971
128166373320907542,rsrch,0,Write,7818829824,4096,2961
128166373320908167,rsrch,0,Write,7818776576,4096,2336
128166373320908189,rsrch,0,Write,7818776576,4096,2315
128166373320908475,rsrch,0,Write,14068207616,8192,2028
128166373320908694,rsrch,0,Write,8979197952,8192,1810
128166373320908787,rsrch,0,Write,7852126208,4096,1716
128166373320908795,rsrch,0,Write,7852126208,4096,1708
128166373320908808,rsrch,0,Write,3201597440,4096,1696
128166373320908839,rsrch,0,Write,2022240256,8192,1664
128166373320909035,rsrch,0,Write,3154132992,4096,1468
128166373320909081,rsrch,0,Write,2022240256,8192,1422
128166373320909115,rsrch,0,Write,8979197952,8192,1388
128166373320909133,rsrch,0,Write,2500763648,8192,1370
128166373320909134,rsrch,0,Write,14068207616,8192,1370
128166373320909151,rsrch,0,Write,2500763648,8192,1353
128166373320909278,rsrch,0,Write,3154137088,4096,1226
128166373320909279,rsrch,0,Write,3154137088,4096,1225
128166373320909293,rsrch,0,Write,3154132992,4096,1211
128166373335906998,rsrch,0,Write,3201601536,49152,3471
128166373335909316,rsrch,0,Write,3154137088,4096,1152
128166373335909348,rsrch,0,Write,3154128896,4096,1121
128166373337783792,rsrch,0,Write,1317453824,4096,1665
128166373357783670,rsrch,0,Write,3154132992,4096,1706
128166373357783781,rsrch,0,Write,3299819520,4096,1594
128166373357784057,rsrch,0,Write,6216929280,8192,1319
128166373357784164,rsrch,0,Write,1278550016,4096,1211
128166373357784200,rsrch,0,Write,3228045312,4096,1175
128166373357784213,rsrch,0,Write,3302887424,4096,1162
128166373385906715,rsrch,0,Write,3201650688,49152,3562
128166373385909099,rsrch,0,Write,3154137088,4096,1177
128166373385909115,rsrch,0,Write,3154124800,4096,1162
128166373387313906,rsrch,0,Write,8587796480,16384,2611
128166373387314519,rsrch,0,Write,8588992512,16384,1998
128166373387314617,rsrch,0,Write,8597577728,16384,1901
128166373387314792,rsrch,0,Write,3154137088,4096,1725
128166373387314840,rsrch,0,Write,8598085632,16384,1677
128166373387314851,rsrch,0,Write,8587796480,16384,1667
128166373387314956,rsrch,0,Write,8587796480,4096,1561
128166373387314996,rsrch,0,Write,7478116352,512,1522
128166373387315233,rsrch,0,Write,7478116864,7680,1284
128166373387315399,rsrch,0,Write,7478124544,4096,1118
128166373387315402,rsrch,0,Write,3154132992,4096,1116
128166373387315402,rsrch,0,Write,3154132992,4096,1115
128166373387315404,rsrch,0,Write,3154137088,4096,1114
128166373387315421,rsrch,0,Write,7478128640,4096,1097
128166373387315428,rsrch,0,Write,7478132736,4096,1090
128166373387315437,rsrch,0,Write,7478136832,4096,1080
128166373387315518,rsrch,0,Write,7478116352,512,999
128166373437312728,rsrch,0,Write,3201699840,49152,3597
128166373437315142,rsrch,0,Write,3154132992,4096,1184
